This lookbook is not available with this store,This lookbook is not available with this store
There was a problem loading the lookbook,There was a problem loading the lookbook
Lookbooks Manager,Lookbooks Manager
Add Lookbook,Add Lookbook
Save Lookbook,Save Lookbook
Delete Lookbook,Delete Lookbook
Change Lookbook Type,Change Lookbook Type
Editing Lookbook,Editing Lookbook
Lookbook #,Lookbook #
Lookbook Type,Lookbook Type
Category Lookbook,Category Lookbook
Images Lookbook,Images Lookbook
Looks Per Page,Looks Per Page
Include In Nav,Include In Nav
Choose a Category,Choose a Category
Lookbook Information,Lookbook Information
Credits,Credits
Developer,Developer
Credits Configuration,Credits Configuration
Show Credits,Show Credits
This will display the credits below at the bottom of the lookbook.,This will display the credits below at the bottom of the lookbook.
Model,Model
Photography,Photography
Make Up,Make Up
Lookbook Width,Lookbook Width
Look Width,Look Width
Look Height,Look Height
Look Border,Look Border
Developer Configuration,Developer Configuration
Include In Navigation Menu,Include In Navigation Menu
Show Child Products Links,Show Child Products Links
This will display the child products links below the picture of the look.,This will display the child products links below the picture of the look.
Zoom On Hover,Zoom On Hover
This will add a bubble up zoom on the look pictures.,This will add a bubble up zoom on the look pictures.
Look Color,Look Color
Lookbook Pictures,Lookbook Pictures
Lookbook Images,Lookbook Images
This lookbook is not available with this store,This lookbook is not available with this store
Lookbook does not exist,Lookbook does not exist
'The identifier you provided is already used with the store %s to redirect the following path: %s','The identifier you provided is already used with the store %s to redirect the following path: %s'
'The identifier you provided is already used to redirect the following path: %s','The identifier you provided is already used to redirect the following path: %s'
Lookbook was successfully saved,Lookbook was successfully saved
Unable to find lookbook to save,Unable to find lookbook to save
Please select lookbook(s),Please select lookbook(s)
Lookbook,Lookbook
Lookbooks,Lookbooks
